{
    "physics": {
        "scale": 48.130043029785159,
        "debugDrawAlpha": 0.7299995422363281
    }
}